IID	ADP	Resistance	rs4244285	rs4986893	rs662	AGE	SEX	PON1.192Q>R	CYP2C19*2	CYP2C19*3	ADP_abs
1	1.599573148	0	0	0	1	70	1	A G	G G	A A	1.599573148
2	9.527145935	0	0	0	2	59	1	G G	G G	A A	9.527145935
3	12.80945982	0	0	0	1	69	1	A G	G G	A A	12.80945982
4	14.52333485	0	0	0	1	53	0	A G	G G	A A	14.52333485
5	18.26180361	0	0	0	2	44	0	G G	G G	A A	18.26180361
6	23.27785808	0	0	0	0	59	0	A A	G G	A A	23.27785808
7	32.87128849	0	0	0	2	76	0	G G	G G	A A	32.87128849
8	13.29751728	0	0	0	1	57	0	A G	G G	A A	13.29751728
9	33.62785958	0	1	0	1	57	1	A G	A G	A A	33.62785958
10	51.50611234	0	2	0	2	75	1	G G	A A	A A	51.50611234
11	76.00058827	1	0	0	1	75	1	A G	G G	A A	76.00058827
12	11.51336096	0	0	0	2	75	1	G G	G G	A A	11.51336096
13	15.31180846	0	0	0	2	77	0	G G	G G	A A	15.31180846
14	5.184513044	0	1	0	2	82	0	G G	A G	A A	5.184513044
15	22.80714141	0	0	0	2	83	0	G G	G G	A A	22.80714141
16	27.20045888	0	0	0	1	56	0	A G	G G	A A	27.20045888
17	15.16004527	0	1	0	2	77	0	G G	A G	A A	15.16004527
18	12.06399117	0	1	0	2	64	0	G G	A G	A A	12.06399117
19	13.34501613	0	0	0	2	59	0	G G	G G	A A	13.34501613
20	10.82723028	0	1	0	1	70	1	A G	A G	A A	10.82723028
21	13.83042159	0	1	0	2	82	1	G G	A G	A A	13.83042159
22	52.11725271	1	1	0	2	47	0	G G	A G	A A	52.11725271
23	85.38409449	1	2	0	1	81	1	A G	A A	A A	85.38409449
24	11.47670642	0	0	0	1	84	1	A G	G G	A A	11.47670642
25	82.19706564	1	2	0	2	78	1	G G	A A	A A	82.19706564
26	90.75804663	1	1	0	2	74	1	G G	A G	A A	90.75804663
27	23.51446447	0	1	0	2	76	0	G G	A G	A A	23.51446447
28	19.32883511	0	1	0	0	70	1	A A	A G	A A	19.32883511
29	13.06311616	0	1	0	2	81	0	G G	A G	A A	13.06311616
30	5.691654786	0	0	0	0	62	1	A A	G G	A A	5.691654786
31	29.32140174	0	0	0	1	71	1	A G	G G	A A	29.32140174
32	26.1656404	0	1	0	1	72	0	A G	A G	A A	26.1656404
33	20.71387394	0	0	0	2	79	1	G G	G G	A A	20.71387394
34	8.220683877	0	1	0	2	74	1	G G	A G	A A	8.220683877
35	5.042834027	0	0	0	1	60	0	A G	G G	A A	5.042834027
36	24.44446261	0	1	0	2	83	1	G G	A G	A A	24.44446261
37	31.37046428	0	1	0	2	80	0	G G	A G	A A	31.37046428
38	89.57119663	1	2	0	1	57	0	A G	A A	A A	89.57119663
39	8.887324643	0	0	0	1	81	1	A G	G G	A A	8.887324643
40	80.92187127	1	1	0	1	66	0	A G	A G	A A	80.92187127
41	34.97367484	0	0	0	2	57	0	G G	G G	A A	34.97367484
42	22.17192957	0	1	0	1	55	0	A G	A G	A A	22.17192957
43	24.38181262	0	0	0	1	78	1	A G	G G	A A	24.38181262
44	72.53951921	1	0	0	2	64	0	G G	G G	A A	72.53951921
45	69.17659928	1	2	0	2	76	0	G G	A A	A A	69.17659928
46	26.97535063	0	0	0	0	77	0	A A	G G	A A	26.97535063
47	14.48065626	0	1	0	1	49	0	A G	A G	A A	14.48065626
48	90.77287819	1	1	0	2	74	1	G G	A G	A A	90.77287819
49	15.05852509	0	1	0	2	79	1	G G	A G	A A	15.05852509
50	32.34604547	0	0	0	0	55	0	A A	G G	A A	32.34604547
51	65.79245023	1	0	0	2	58	0	G G	G G	A A	65.79245023
52	82.54720289	1	0	0	1	71	1	A G	G G	A A	82.54720289
53	78.94437325	1	1	0	0	52	0	A A	A G	A A	78.94437325
54	96.64990488	1	1	0	0	50	0	A A	A G	A A	96.64990488
55	84.30421825	1	0	0	2	67	0	G G	G G	A A	84.30421825
56	30.99399611	0	0	0	2	76	0	G G	G G	A A	30.99399611
57	14.70333754	0	0	0	2	73	1	G G	G G	A A	14.70333754
58	91.20669882	1	0	0	2	52	1	G G	G G	A A	91.20669882
59	93.91830127	1	1	0	2	62	1	G G	A G	A A	93.91830127
60	22.84804071	0	0	0	0	87	1	A A	G G	A A	22.84804071
61	19.14928626	0	0	0	2	83	0	G G	G G	A A	19.14928626
62	21.01467647	0	1	0	1	66	0	A G	A G	A A	21.01467647
63	17.49116189	0	0	0	2	81	0	G G	G G	A A	17.49116189
64	22.12877078	0	0	0	2	71	0	G G	G G	A A	22.12877078
65	90.05458074	1	0	1	2	61	1	G G	G G	A G	90.05458074
66	82.66491398	1	1	0	2	73	0	G G	A G	A A	82.66491398
67	2.301835601	0	0	0	2	61	0	G G	G G	A A	2.301835601
68	21.00502437	0	0	0	1	66	1	A G	G G	A A	21.00502437
69	99.62133899	1	0	0	2	53	0	G G	G G	A A	99.62133899
70	79.32430338	1	0	1	1	81	1	A G	G G	A G	79.32430338
71	88.52733198	1	0	0	0	64	0	A A	G G	A A	88.52733198
72	85.56696851	1	0	0	2	79	1	G G	G G	A A	85.56696851
73	44.30570857	0	0	0	1	57	0	A G	G G	A A	44.30570857
74	94.59969861	1	1	0	1	76	0	A G	A G	A A	94.59969861
75	25.96031104	0	1	0	1	66	0	A G	A G	A A	25.96031104
76	68.08979919	1	2	0	0	75	1	A A	A A	A A	68.08979919
77	89.08220998	1	1	0	0	70	0	A A	A G	A A	89.08220998
78	103.0534577	1	1	0	2	64	0	G G	A G	A A	103.0534577
79	91.10253498	1	0	0	1	75	0	A G	G G	A A	91.10253498
80	28.94169481	0	0	0	2	78	0	G G	G G	A A	28.94169481
81	29.21659248	0	2	0	2	68	1	G G	A A	A A	29.21659248
82	57.17923301	1	2	0	0	54	1	A A	A A	A A	57.17923301
84	14.43197023	0	1	0	2	62	0	G G	A G	A A	14.43197023
85	21.92941148	0	1	0	1	82	1	A G	A G	A A	21.92941148
86	7.034269796	0	0	0	1	67	0	A G	G G	A A	7.034269796
87	77.93111209	1	0	0	1	57	0	A G	G G	A A	77.93111209
88	6.705490145	0	2	0	0	78	0	A A	A A	A A	6.705490145
89	26.63119152	0	0	1	2	45	0	G G	G G	A G	26.63119152
90	26.03875043	0	1	0	2	68	0	G G	A G	A A	26.03875043
91	25.02684661	0	0	0	2	60	1	G G	G G	A A	25.02684661
92	83.27377673	1	0	0	1	74	0	A G	G G	A A	83.27377673
93	14.28457165	0	0	0	0	64	0	A A	G G	A A	14.28457165
94	28.59544154	0	0	0	0	75	1	A A	G G	A A	28.59544154
95	23.4717196	0	0	0	0	94	1	A A	G G	A A	23.4717196
96	90.1769899	1	1	0	2	64	0	G G	A G	A A	90.1769899
97	67.60742594	1	0	0	2	65	0	G G	G G	A A	67.60742594
98	19.0342344	0	0	0	2	80	1	G G	G G	A A	19.0342344
99	37.0442698	0	0	0	0	87	0	A A	G G	A A	37.0442698
100	65.15592277	1	0	0	2	59	1	G G	G G	A A	65.15592277
101	-7.844394458	0	1	0	0	63	0	A A	A G	A A	7.844394458
102	65.72867917	1	2	0	1	64	1	A G	A A	A A	65.72867917
103	15.18454137	0	0	0	0	41	1	A A	G G	A A	15.18454137
104	75.0225104	1	2	0	1	71	1	A G	A A	A A	75.0225104
105	16.10602255	0	0	0	1	84	0	A G	G G	A A	16.10602255
106	76.88833439	1	1	0	1	57	0	A G	A G	A A	76.88833439
107	23.39159951	0	0	0	1	50	0	A G	G G	A A	23.39159951
108	12.68887958	0	0	0	1	71	1	A G	G G	A A	12.68887958
109	18.05712548	0	1	0	1	61	1	A G	A G	A A	18.05712548
110	72.98183329	1	2	0	1	48	0	A G	A A	A A	72.98183329
111	88.03170846	1	1	0	2	85	0	G G	A G	A A	88.03170846
112	33.52119119	0	0	0	1	58	0	A G	G G	A A	33.52119119
113	75.33923493	1	0	0	1	61	0	A G	G G	A A	75.33923493
114	19.33839849	0	1	0	1	61	1	A G	A G	A A	19.33839849
115	20.58630255	0	1	0	2	61	0	G G	A G	A A	20.58630255
116	70.57468809	1	2	0	1	64	0	A G	A A	A A	70.57468809
117	69.34137644	1	2	0	1	59	0	A G	A A	A A	69.34137644
118	26.59287656	0	0	0	2	59	0	G G	G G	A A	26.59287656
119	85.94472997	1	1	0	1	50	0	A G	A G	A A	85.94472997
120	33.39344999	0	0	0	1	59	0	A G	G G	A A	33.39344999
121	7.860870539	0	0	0	1	79	1	A G	G G	A A	7.860870539
122	23.20801411	0	1	1	1	77	0	A G	A G	A G	23.20801411
123	52.67898819	0	1	0	1	72	1	A G	A G	A A	52.67898819
124	27.48011978	0	1	0	1	63	1	A G	A G	A A	27.48011978
125	68.3137795	1	0	0	2	63	0	G G	G G	A A	68.3137795
126	74.59664325	1	0	0	1	61	1	A G	G G	A A	74.59664325
127	25.36138778	0	1	0	2	38	0	G G	A G	A A	25.36138778
128	38.119348	0	0	0	1	57	0	A G	G G	A A	38.119348
129	32.77801517	0	0	0	1	65	0	A G	G G	A A	32.77801517
130	21.06025769	0	0	0	1	69	1	A G	G G	A A	21.06025769
131	94.1638251	1	0	0	2	57	0	G G	G G	A A	94.1638251
132	14.07679132	0	0	0	2	58	0	G G	G G	A A	14.07679132
133	15.77914766	0	1	0	2	76	0	G G	A G	A A	15.77914766
134	13.80252791	0	0	0	2	53	0	G G	G G	A A	13.80252791
135	33.86381507	0	1	0	2	76	1	G G	A G	A A	33.86381507
136	20.2963842	0	0	0	1	54	0	A G	G G	A A	20.2963842
137	27.80463712	0	0	0	1	59	0	A G	G G	A A	27.80463712
138	20.02956374	0	1	0	1	61	0	A G	A G	A A	20.02956374
139	8.55145694	0	0	0	1	48	0	A G	G G	A A	8.55145694
140	82.27393693	1	1	1	2	75	0	G G	A G	A G	82.27393693
141	82.52134344	1	2	0	2	56	0	G G	A A	A A	82.52134344
142	30.91258009	0	0	0	2	86	0	G G	G G	A A	30.91258009
143	34.36492857	0	0	0	2	68	0	G G	G G	A A	34.36492857
144	14.86047356	0	0	0	2	68	0	G G	G G	A A	14.86047356
145	14.34910402	0	1	0	2	64	0	G G	A G	A A	14.34910402
146	89.91175283	1	0	1	1	70	0	A G	G G	A G	89.91175283
147	-0.78484692	0	0	0	1	68	0	A G	G G	A A	0.78484692
148	12.47916599	0	0	1	1	52	0	A G	G G	A G	12.47916599
149	45.3665323	0	1	0	2	66	0	G G	A G	A A	45.3665323
150	79.11810913	1	1	1	2	74	0	G G	A G	A G	79.11810913
151	17.01593551	0	0	1	1	81	0	A G	G G	A G	17.01593551
152	89.41750977	1	1	1	2	70	0	G G	A G	A G	89.41750977
153	40.6142123	0	1	0	2	81	0	G G	A G	A A	40.6142123
154	72.0407081	1	0	0	2	72	0	G G	G G	A A	72.0407081
155	14.99744188	0	0	0	1	55	0	A G	G G	A A	14.99744188
156	10.7040887	0	0	0	2	81	1	G G	G G	A A	10.7040887
157	31.06373902	0	1	0	2	64	0	G G	A G	A A	31.06373902
158	10.80790566	0	0	0	0	67	1	A A	G G	A A	10.80790566
159	17.092923	0	1	0	2	71	1	G G	A G	A A	17.092923
160	15.51371866	0	1	0	2	75	0	G G	A G	A A	15.51371866
161	82.40843104	1	1	0	1	76	0	A G	A G	A A	82.40843104
162	19.61735074	0	0	0	1	60	0	A G	G G	A A	19.61735074
163	13.48266478	0	0	0	1	46	0	A G	G G	A A	13.48266478
164	70.13801454	1	0	0	2	70	0	G G	G G	A A	70.13801454
165	27.56418892	0	1	0	1	51	0	A G	A G	A A	27.56418892
166	-4.141657782	0	1	0	2	77	0	G G	A G	A A	4.141657782
167	10.79666118	0	0	0	2	47	0	G G	G G	A A	10.79666118
168	16.1086322	0	0	0	2	75	0	G G	G G	A A	16.1086322
169	15.57001168	0	0	0	1	72	1	A G	G G	A A	15.57001168
170	80.55956399	1	1	1	2	67	0	G G	A G	A G	80.55956399
171	98.10331761	1	0	0	1	46	0	A G	G G	A A	98.10331761
172	87.34196966	1	0	0	1	70	1	A G	G G	A A	87.34196966
173	24.13791638	0	1	0	2	57	0	G G	A G	A A	24.13791638
174	27.42461888	0	0	0	2	62	0	G G	G G	A A	27.42461888
175	94.21588897	1	1	0	2	67	1	G G	A G	A A	94.21588897
176	36.47991115	0	1	0	1	77	0	A G	A G	A A	36.47991115
177	83.09393509	1	1	1	1	51	0	A G	A G	A G	83.09393509
178	20.28150034	0	0	0	2	76	1	G G	G G	A A	20.28150034
179	15.01774168	0	1	0	1	76	0	A G	A G	A A	15.01774168
180	13.92357174	0	0	0	1	70	0	A G	G G	A A	13.92357174
181	11.32920453	0	0	0	2	46	0	G G	G G	A A	11.32920453
182	29.18176241	0	0	0	2	77	1	G G	G G	A A	29.18176241
183	25.13388164	0	1	0	2	57	0	G G	A G	A A	25.13388164
184	83.30494631	1	1	1	1	66	0	A G	A G	A G	83.30494631
185	14.00832946	0	1	0	1	77	1	A G	A G	A A	14.00832946
186	23.85233056	0	0	0	0	74	0	A A	G G	A A	23.85233056
187	21.62999571	0	0	0	2	55	0	G G	G G	A A	21.62999571
188	38.59695773	0	1	0	2	54	0	G G	A G	A A	38.59695773
189	91.59318098	1	0	0	1	68	0	A G	G G	A A	91.59318098
190	-8.720836795	0	1	0	1	77	1	A G	A G	A A	8.720836795
191	27.92115506	0	0	0	2	60	1	G G	G G	A A	27.92115506
192	15.25014263	0	1	0	1	63	0	A G	A G	A A	15.25014263
193	13.42508405	0	0	0	2	55	0	G G	G G	A A	13.42508405
194	17.50053398	0	0	0	2	53	0	G G	G G	A A	17.50053398
195	91.39068935	1	1	0	0	49	0	A A	A G	A A	91.39068935
196	26.09015628	0	1	0	2	54	0	G G	A G	A A	26.09015628
197	-8.670672482	0	0	0	2	54	0	G G	G G	A A	8.670672482
198	38.98012676	0	0	0	2	80	1	G G	G G	A A	38.98012676
199	37.2518462	0	0	0	2	63	0	G G	G G	A A	37.2518462
200	42.13992463	0	1	0	2	77	1	G G	A G	A A	42.13992463
201	15.65355923	0	0	0	2	68	0	G G	G G	A A	15.65355923
202	95.37879266	1	1	0	2	83	0	G G	A G	A A	95.37879266
203	96.47167225	1	1	0	1	64	0	A G	A G	A A	96.47167225
204	26.44193849	0	1	0	1	54	0	A G	A G	A A	26.44193849
205	81.59586892	1	1	0	2	62	0	G G	A G	A A	81.59586892
206	8.787751858	0	1	0	1	80	0	A G	A G	A A	8.787751858
207	4.712996765	0	1	0	2	60	0	G G	A G	A A	4.712996765
208	76.68817782	1	1	1	1	62	1	A G	A G	A G	76.68817782
209	72.17079239	1	1	0	1	45	0	A G	A G	A A	72.17079239
211	77.36043974	1	1	0	2	61	1	G G	A G	A A	77.36043974
212	98.33031144	1	1	0	2	31	0	G G	A G	A A	98.33031144
213	85.51745132	1	0	0	2	70	0	G G	G G	A A	85.51745132
